<datapower-configuration version="3"><export-details><description>Exported Configuration</description><user>t6qjdrb</user><domain>Sandbox-IBM</domain><comment/><product-id>5725</product-id><product>IDG</product><display-product>IDG</display-product><model>IBM DataPower Gateway</model><display-model>IBM DataPower Gateway</display-model><device-name>NUESBDEV01</device-name><serial-number>0000000</serial-number><firmware-version>IDG.2018.4.1.11</firmware-version><display-firmware-version>IDG.2018.4.1.11</display-firmware-version><firmware-build>320653</firmware-build><delivery-type>LTS</delivery-type><firmware-timestamp>2020/05/06 19:35:59</firmware-timestamp><current-date>2020-07-22</current-date><current-time>04:13:28 EDT</current-time><reset-date>2020-07-19</reset-date><reset-time>08:08:58 EDT</reset-time><login-message/><custom-ui-file>local:///NUESBDEV01_UID.xml</custom-ui-file></export-details><interface-data><interface name="eth0" type="Ethernet" vers="ipv4" ip-addr="10.201.195.253"/><interface name="eth1" type="Ethernet" vers="ipv4" ip-addr="10.39.31.248"/><interface name="eth2" type="Ethernet" vers="ipv4" ip-addr="10.201.175.248"/></interface-data><configuration domain="Sandbox-IBM"><CryptoKey name="nasesbdp" xmlns:env="http://www.w3.org/2003/05/soap-envelope" xmlns:dp="http://www.datapower.com/schemas/management">
<mAdminState>enabled</mAdminState>
<Filename>sharedcert:///nuesbdev01.nasco.com-privkey.pem</Filename>
<PasswordAlias>off</PasswordAlias></CryptoKey><CryptoCertificate name="nasesbdp" xmlns:env="http://www.w3.org/2003/05/soap-envelope" xmlns:dp="http://www.datapower.com/schemas/management">
<mAdminState>enabled</mAdminState>
<Filename>sharedcert:///nuesbdev01.nasco.com-privkey.pem</Filename>
<PasswordAlias>off</PasswordAlias>
<IgnoreExpiration>off</IgnoreExpiration></CryptoCertificate><CryptoIdentCred name="dpTool-ssl-id" xmlns:env="http://www.w3.org/2003/05/soap-envelope" xmlns:dp="http://www.datapower.com/schemas/management">
<mAdminState>enabled</mAdminState>
<Key class="CryptoKey">nasesbdp</Key>
<Certificate class="CryptoCertificate">nasesbdp</Certificate></CryptoIdentCred><SSLServerProfile name="dpTool-ssl-server" xmlns:env="http://www.w3.org/2003/05/soap-envelope" xmlns:dp="http://www.datapower.com/schemas/management">
<mAdminState>enabled</mAdminState>
<Protocols>
<SSLv3>off</SSLv3>
<TLSv1d0>on</TLSv1d0>
<TLSv1d1>on</TLSv1d1>
<TLSv1d2>on</TLSv1d2></Protocols>
<Ciphers>ECDHE_ECDSA_WITH_AES_256_GCM_SHA384</Ciphers>
<Ciphers>ECDHE_RSA_WITH_AES_256_GCM_SHA384</Ciphers>
<Ciphers>ECDHE_ECDSA_WITH_AES_256_CBC_SHA384</Ciphers>
<Ciphers>ECDHE_RSA_WITH_AES_256_CBC_SHA384</Ciphers>
<Ciphers>ECDHE_ECDSA_WITH_AES_256_CBC_SHA</Ciphers>
<Ciphers>ECDHE_RSA_WITH_AES_256_CBC_SHA</Ciphers>
<Ciphers>DHE_DSS_WITH_AES_256_GCM_SHA384</Ciphers>
<Ciphers>DHE_RSA_WITH_AES_256_GCM_SHA384</Ciphers>
<Ciphers>DHE_RSA_WITH_AES_256_CBC_SHA256</Ciphers>
<Ciphers>DHE_DSS_WITH_AES_256_CBC_SHA256</Ciphers>
<Ciphers>DHE_RSA_WITH_AES_256_CBC_SHA</Ciphers>
<Ciphers>DHE_DSS_WITH_AES_256_CBC_SHA</Ciphers>
<Ciphers>RSA_WITH_AES_256_GCM_SHA384</Ciphers>
<Ciphers>RSA_WITH_AES_256_CBC_SHA256</Ciphers>
<Ciphers>RSA_WITH_AES_256_CBC_SHA</Ciphers>
<Ciphers>ECDHE_ECDSA_WITH_AES_128_GCM_SHA256</Ciphers>
<Ciphers>ECDHE_RSA_WITH_AES_128_GCM_SHA256</Ciphers>
<Ciphers>ECDHE_ECDSA_WITH_AES_128_CBC_SHA256</Ciphers>
<Ciphers>ECDHE_RSA_WITH_AES_128_CBC_SHA256</Ciphers>
<Ciphers>ECDHE_ECDSA_WITH_AES_128_CBC_SHA</Ciphers>
<Ciphers>ECDHE_RSA_WITH_AES_128_CBC_SHA</Ciphers>
<Ciphers>DHE_DSS_WITH_AES_128_GCM_SHA256</Ciphers>
<Ciphers>DHE_RSA_WITH_AES_128_GCM_SHA256</Ciphers>
<Ciphers>DHE_RSA_WITH_AES_128_CBC_SHA256</Ciphers>
<Ciphers>DHE_DSS_WITH_AES_128_CBC_SHA256</Ciphers>
<Ciphers>DHE_RSA_WITH_AES_128_CBC_SHA</Ciphers>
<Ciphers>DHE_DSS_WITH_AES_128_CBC_SHA</Ciphers>
<Ciphers>RSA_WITH_AES_128_GCM_SHA256</Ciphers>
<Ciphers>RSA_WITH_AES_128_CBC_SHA256</Ciphers>
<Ciphers>RSA_WITH_AES_128_CBC_SHA</Ciphers>
<Ciphers>ECDHE_ECDSA_WITH_3DES_EDE_CBC_SHA</Ciphers>
<Ciphers>ECDHE_RSA_WITH_3DES_EDE_CBC_SHA</Ciphers>
<Ciphers>DHE_RSA_WITH_3DES_EDE_CBC_SHA</Ciphers>
<Ciphers>DHE_DSS_WITH_3DES_EDE_CBC_SHA</Ciphers>
<Ciphers>RSA_WITH_3DES_EDE_CBC_SHA</Ciphers>
<Idcred class="CryptoIdentCred">dpTool-ssl-id</Idcred>
<RequestClientAuth>off</RequestClientAuth>
<RequireClientAuth>on</RequireClientAuth>
<ValidateClientCert>on</ValidateClientCert>
<SendClientAuthCAList>on</SendClientAuthCAList>
<Caching>on</Caching>
<CacheTimeout>300</CacheTimeout>
<CacheSize>20</CacheSize>
<SSLOptions>
<max-duration>off</max-duration>
<max-renegotiation>off</max-renegotiation></SSLOptions>
<MaxSSLDuration>60</MaxSSLDuration>
<NumberOfRenegotiationAllowed>0</NumberOfRenegotiationAllowed>
<ProhibitResumeOnReneg>off</ProhibitResumeOnReneg>
<Compression>off</Compression>
<AllowLegacyRenegotiation>off</AllowLegacyRenegotiation>
<PreferServerCiphers>on</PreferServerCiphers>
<EllipticCurves>secp521r1</EllipticCurves>
<EllipticCurves>secp384r1</EllipticCurves>
<EllipticCurves>secp256k1</EllipticCurves>
<EllipticCurves>secp256r1</EllipticCurves></SSLServerProfile><HTTPSSourceProtocolHandler name="dpTool-https-fsh" xmlns:env="http://www.w3.org/2003/05/soap-envelope" xmlns:dp="http://www.datapower.com/schemas/management">
<mAdminState>enabled</mAdminState>
<LocalAddress>ExternalDEV</LocalAddress>
<LocalPort>8008</LocalPort>
<HTTPVersion>HTTP/1.1</HTTPVersion>
<AllowedFeatures>
<HTTP-1.0>on</HTTP-1.0>
<HTTP-1.1>on</HTTP-1.1>
<HTTP-2.0>off</HTTP-2.0>
<POST>on</POST>
<GET>on</GET>
<PUT>off</PUT>
<PATCH>off</PATCH>
<HEAD>off</HEAD>
<OPTIONS>off</OPTIONS>
<TRACE>off</TRACE>
<DELETE>off</DELETE>
<CONNECT>off</CONNECT>
<CustomMethods>off</CustomMethods>
<QueryString>on</QueryString>
<FragmentIdentifiers>off</FragmentIdentifiers>
<DotDot>off</DotDot>
<CmdExe>off</CmdExe></AllowedFeatures>
<PersistentConnections>on</PersistentConnections>
<MaxPersistentConnectionsReuse>0</MaxPersistentConnectionsReuse>
<AllowCompression>off</AllowCompression>
<AllowWebSocketUpgrade>off</AllowWebSocketUpgrade>
<WebSocketIdleTimeout>0</WebSocketIdleTimeout>
<MaxURLLen>16384</MaxURLLen>
<MaxTotalHdrLen>128000</MaxTotalHdrLen>
<MaxHdrCount>0</MaxHdrCount>
<MaxNameHdrLen>0</MaxNameHdrLen>
<MaxValueHdrLen>0</MaxValueHdrLen>
<MaxQueryStringLen>0</MaxQueryStringLen>
<CredentialCharset>protocol</CredentialCharset>
<SSLServerConfigType>server</SSLServerConfigType>
<SSLServer class="SSLServerProfile">dpTool-ssl-server</SSLServer>
<HTTP2MaxStreams>100</HTTP2MaxStreams>
<HTTP2MaxFrameSize>16384</HTTP2MaxFrameSize>
<HTTP2StreamHeader>off</HTTP2StreamHeader>
<ChunkedEncoding>on</ChunkedEncoding></HTTPSSourceProtocolHandler><HTTPUserAgent name="default" intrinsic="true" xmlns:env="http://www.w3.org/2003/05/soap-envelope" xmlns:dp="http://www.datapower.com/schemas/management">
<mAdminState>enabled</mAdminState>
<UserSummary>Default User Agent</UserSummary>
<MaxRedirects>8</MaxRedirects>
<Timeout>300</Timeout></HTTPUserAgent><XMLManager name="dpTool-xml-manager" xmlns:env="http://www.w3.org/2003/05/soap-envelope" xmlns:dp="http://www.datapower.com/schemas/management">
<mAdminState>enabled</mAdminState>
<CacheSize>256</CacheSize>
<SHA1Caching>on</SHA1Caching>
<StaticDocumentCalls>on</StaticDocumentCalls>
<SearchResults>on</SearchResults>
<SupportTxWarn>off</SupportTxWarn>
<Memoization>on</Memoization>
<ParserLimitsBytesScanned>4194304</ParserLimitsBytesScanned>
<ParserLimitsElementDepth>512</ParserLimitsElementDepth>
<ParserLimitsAttributeCount>128</ParserLimitsAttributeCount>
<ParserLimitsMaxNodeSize>33554432</ParserLimitsMaxNodeSize>
<ParserLimitsForbidExternalReferences>on</ParserLimitsForbidExternalReferences>
<ParserLimitsExternalReferences>forbid</ParserLimitsExternalReferences>
<ParserLimitsMaxPrefixes>1024</ParserLimitsMaxPrefixes>
<ParserLimitsMaxNamespaces>1024</ParserLimitsMaxNamespaces>
<ParserLimitsMaxLocalNames>60000</ParserLimitsMaxLocalNames>
<DocCacheMaxDocs>5000</DocCacheMaxDocs>
<DocCacheSize>0</DocCacheSize>
<DocMaxWrites>32768</DocMaxWrites>
<UserAgent class="HTTPUserAgent">default</UserAgent></XMLManager><SSLClientProfile name="dpTool-trust-all-ssl" xmlns:env="http://www.w3.org/2003/05/soap-envelope" xmlns:dp="http://www.datapower.com/schemas/management">
<mAdminState>enabled</mAdminState>
<Protocols>
<SSLv3>off</SSLv3>
<TLSv1d0>on</TLSv1d0>
<TLSv1d1>on</TLSv1d1>
<TLSv1d2>on</TLSv1d2></Protocols>
<Ciphers>ECDHE_ECDSA_WITH_AES_256_GCM_SHA384</Ciphers>
<Ciphers>ECDHE_RSA_WITH_AES_256_GCM_SHA384</Ciphers>
<Ciphers>ECDHE_ECDSA_WITH_AES_256_CBC_SHA384</Ciphers>
<Ciphers>ECDHE_RSA_WITH_AES_256_CBC_SHA384</Ciphers>
<Ciphers>ECDHE_ECDSA_WITH_AES_256_CBC_SHA</Ciphers>
<Ciphers>ECDHE_RSA_WITH_AES_256_CBC_SHA</Ciphers>
<Ciphers>DHE_DSS_WITH_AES_256_GCM_SHA384</Ciphers>
<Ciphers>DHE_RSA_WITH_AES_256_GCM_SHA384</Ciphers>
<Ciphers>DHE_RSA_WITH_AES_256_CBC_SHA256</Ciphers>
<Ciphers>DHE_DSS_WITH_AES_256_CBC_SHA256</Ciphers>
<Ciphers>DHE_RSA_WITH_AES_256_CBC_SHA</Ciphers>
<Ciphers>DHE_DSS_WITH_AES_256_CBC_SHA</Ciphers>
<Ciphers>RSA_WITH_AES_256_GCM_SHA384</Ciphers>
<Ciphers>RSA_WITH_AES_256_CBC_SHA256</Ciphers>
<Ciphers>RSA_WITH_AES_256_CBC_SHA</Ciphers>
<Ciphers>ECDHE_ECDSA_WITH_AES_128_GCM_SHA256</Ciphers>
<Ciphers>ECDHE_RSA_WITH_AES_128_GCM_SHA256</Ciphers>
<Ciphers>ECDHE_ECDSA_WITH_AES_128_CBC_SHA256</Ciphers>
<Ciphers>ECDHE_RSA_WITH_AES_128_CBC_SHA256</Ciphers>
<Ciphers>ECDHE_ECDSA_WITH_AES_128_CBC_SHA</Ciphers>
<Ciphers>ECDHE_RSA_WITH_AES_128_CBC_SHA</Ciphers>
<Ciphers>DHE_DSS_WITH_AES_128_GCM_SHA256</Ciphers>
<Ciphers>DHE_RSA_WITH_AES_128_GCM_SHA256</Ciphers>
<Ciphers>DHE_RSA_WITH_AES_128_CBC_SHA256</Ciphers>
<Ciphers>DHE_DSS_WITH_AES_128_CBC_SHA256</Ciphers>
<Ciphers>DHE_RSA_WITH_AES_128_CBC_SHA</Ciphers>
<Ciphers>DHE_DSS_WITH_AES_128_CBC_SHA</Ciphers>
<Ciphers>RSA_WITH_AES_128_GCM_SHA256</Ciphers>
<Ciphers>RSA_WITH_AES_128_CBC_SHA256</Ciphers>
<Ciphers>RSA_WITH_AES_128_CBC_SHA</Ciphers>
<Ciphers>ECDHE_ECDSA_WITH_3DES_EDE_CBC_SHA</Ciphers>
<Ciphers>ECDHE_RSA_WITH_3DES_EDE_CBC_SHA</Ciphers>
<Ciphers>DHE_RSA_WITH_3DES_EDE_CBC_SHA</Ciphers>
<Ciphers>DHE_DSS_WITH_3DES_EDE_CBC_SHA</Ciphers>
<Ciphers>RSA_WITH_3DES_EDE_CBC_SHA</Ciphers>
<ValidateServerCert>off</ValidateServerCert>
<Caching>on</Caching>
<CacheTimeout>300</CacheTimeout>
<CacheSize>100</CacheSize>
<SSLClientFeatures>
<use-sni>on</use-sni>
<permit-insecure-servers>off</permit-insecure-servers>
<compression>off</compression></SSLClientFeatures>
<EllipticCurves>secp521r1</EllipticCurves>
<EllipticCurves>secp384r1</EllipticCurves>
<EllipticCurves>secp256k1</EllipticCurves>
<EllipticCurves>secp256r1</EllipticCurves>
<UseCustomSNIHostname>no</UseCustomSNIHostname>
<ValidateHostname>off</ValidateHostname>
<HostnameValidationFlags>
<X509_CHECK_FLAG_ALWAYS_CHECK_SUBJECT>off</X509_CHECK_FLAG_ALWAYS_CHECK_SUBJECT>
<X509_CHECK_FLAG_NO_WILDCARDS>off</X509_CHECK_FLAG_NO_WILDCARDS>
<X509_CHECK_FLAG_NO_PARTIAL_WILDCARDS>off</X509_CHECK_FLAG_NO_PARTIAL_WILDCARDS>
<X509_CHECK_FLAG_MULTI_LABEL_WILDCARDS>off</X509_CHECK_FLAG_MULTI_LABEL_WILDCARDS>
<X509_CHECK_FLAG_SINGLE_LABEL_SUBDOMAINS>off</X509_CHECK_FLAG_SINGLE_LABEL_SUBDOMAINS></HostnameValidationFlags>
<HostnameValidationFailOnError>off</HostnameValidationFailOnError></SSLClientProfile><Matching name="dpTool-index" xmlns:env="http://www.w3.org/2003/05/soap-envelope" xmlns:dp="http://www.datapower.com/schemas/management">
<mAdminState>enabled</mAdminState>
<MatchRules>
<Type>url</Type>
<HttpTag/>
<HttpValue/>
<Url>/dpTool/</Url>
<ErrorCode/>
<XPATHExpression/>
<Method>default</Method>
<CustomMethod/></MatchRules>
<MatchWithPCRE>off</MatchWithPCRE>
<CombineWithOr>off</CombineWithOr></Matching><StylePolicyAction name="dpTool-mpg-request-rule-index_xform_0" xmlns:env="http://www.w3.org/2003/05/soap-envelope" xmlns:dp="http://www.datapower.com/schemas/management">
<mAdminState>enabled</mAdminState>
<Type>xform</Type>
<Input>INPUT</Input>
<Transform>local:///dpTool/code/dpTool.xsl</Transform>
<ParseSettingsReference>
<URL/>
<Literal/>
<Default/></ParseSettingsReference>
<ParseMetricsResultType>none</ParseMetricsResultType>
<TransformLanguage>none</TransformLanguage>
<ActionDebug persisted="false">off</ActionDebug>
<Output>OUTPUT</Output>
<NoTranscodeUtf8>off</NoTranscodeUtf8>
<NamedInOutLocationType>default</NamedInOutLocationType>
<SSLClientConfigType>proxy</SSLClientConfigType>
<OutputType>default</OutputType>
<Transactional>off</Transactional>
<SOAPValidation>body</SOAPValidation>
<SQLSourceType>static</SQLSourceType>
<JWSVerifyStripSignature>on</JWSVerifyStripSignature>
<Asynchronous>off</Asynchronous>
<ResultsMode>first-available</ResultsMode>
<RetryCount>0</RetryCount>
<RetryInterval>1000</RetryInterval>
<MultipleOutputs>off</MultipleOutputs>
<IteratorType>XPATH</IteratorType>
<Timeout>0</Timeout>
<MethodRewriteType>GET</MethodRewriteType>
<MethodType>POST</MethodType>
<MethodType2>POST</MethodType2></StylePolicyAction><StylePolicyRule name="dpTool-mpg-request-rule-index" xmlns:env="http://www.w3.org/2003/05/soap-envelope" xmlns:dp="http://www.datapower.com/schemas/management">
<mAdminState>enabled</mAdminState>
<Actions class="StylePolicyAction">dpTool-mpg-request-rule-index_xform_0</Actions>
<Direction>request-rule</Direction>
<InputFormat>none</InputFormat>
<OutputFormat>none</OutputFormat>
<NonXMLProcessing>off</NonXMLProcessing>
<Unprocessed>off</Unprocessed></StylePolicyRule><Matching name="dpTool-dptest" xmlns:env="http://www.w3.org/2003/05/soap-envelope" xmlns:dp="http://www.datapower.com/schemas/management">
<mAdminState>enabled</mAdminState>
<MatchRules>
<Type>url</Type>
<HttpTag/>
<HttpValue/>
<Url>/dptest/.*</Url>
<ErrorCode/>
<XPATHExpression/>
<Method>default</Method>
<CustomMethod/></MatchRules>
<MatchWithPCRE>on</MatchWithPCRE>
<CombineWithOr>off</CombineWithOr></Matching><StylePolicyAction name="dpTool-mpg-request-rule-dptest_convert-http_0" xmlns:env="http://www.w3.org/2003/05/soap-envelope" xmlns:dp="http://www.datapower.com/schemas/management">
<mAdminState>enabled</mAdminState>
<Type>convert-http</Type>
<Input>INPUT</Input>
<ParseSettingsReference>
<URL/>
<Literal/>
<Default/></ParseSettingsReference>
<ParseMetricsResultType>none</ParseMetricsResultType>
<TransformLanguage>none</TransformLanguage>
<ActionDebug persisted="false">off</ActionDebug>
<Output>PIPE</Output>
<NoTranscodeUtf8>off</NoTranscodeUtf8>
<NamedInOutLocationType>default</NamedInOutLocationType>
<SSLClientConfigType>proxy</SSLClientConfigType>
<Transactional>off</Transactional>
<SOAPValidation>body</SOAPValidation>
<SQLSourceType>static</SQLSourceType>
<JWSVerifyStripSignature>on</JWSVerifyStripSignature>
<Asynchronous>off</Asynchronous>
<ResultsMode>first-available</ResultsMode>
<RetryCount>0</RetryCount>
<RetryInterval>1000</RetryInterval>
<MultipleOutputs>off</MultipleOutputs>
<IteratorType>XPATH</IteratorType>
<Timeout>0</Timeout>
<MethodRewriteType>GET</MethodRewriteType>
<MethodType>POST</MethodType>
<MethodType2>POST</MethodType2></StylePolicyAction><StylePolicyAction name="dpTool-mpg-request-rule-dptest_xform_1" xmlns:env="http://www.w3.org/2003/05/soap-envelope" xmlns:dp="http://www.datapower.com/schemas/management">
<mAdminState>enabled</mAdminState>
<Type>xform</Type>
<Input>PIPE</Input>
<Transform>local:///dpTool/code/dptest-run.xsl</Transform>
<ParseSettingsReference>
<URL/>
<Literal/>
<Default/></ParseSettingsReference>
<ParseMetricsResultType>none</ParseMetricsResultType>
<TransformLanguage>none</TransformLanguage>
<ActionDebug persisted="false">off</ActionDebug>
<Output>OUTPUT</Output>
<NoTranscodeUtf8>off</NoTranscodeUtf8>
<NamedInOutLocationType>default</NamedInOutLocationType>
<SSLClientConfigType>proxy</SSLClientConfigType>
<OutputType>default</OutputType>
<Transactional>off</Transactional>
<SOAPValidation>body</SOAPValidation>
<SQLSourceType>static</SQLSourceType>
<JWSVerifyStripSignature>on</JWSVerifyStripSignature>
<Asynchronous>off</Asynchronous>
<ResultsMode>first-available</ResultsMode>
<RetryCount>0</RetryCount>
<RetryInterval>1000</RetryInterval>
<MultipleOutputs>off</MultipleOutputs>
<IteratorType>XPATH</IteratorType>
<Timeout>0</Timeout>
<MethodRewriteType>GET</MethodRewriteType>
<MethodType>POST</MethodType>
<MethodType2>POST</MethodType2></StylePolicyAction><StylePolicyRule name="dpTool-mpg-request-rule-dptest" xmlns:env="http://www.w3.org/2003/05/soap-envelope" xmlns:dp="http://www.datapower.com/schemas/management">
<mAdminState>enabled</mAdminState>
<Actions class="StylePolicyAction">dpTool-mpg-request-rule-dptest_convert-http_0</Actions>
<Actions class="StylePolicyAction">dpTool-mpg-request-rule-dptest_xform_1</Actions>
<Direction>request-rule</Direction>
<InputFormat>none</InputFormat>
<OutputFormat>none</OutputFormat>
<NonXMLProcessing>off</NonXMLProcessing>
<Unprocessed>off</Unprocessed></StylePolicyRule><Matching name="dpTool-collect" xmlns:env="http://www.w3.org/2003/05/soap-envelope" xmlns:dp="http://www.datapower.com/schemas/management">
<mAdminState>enabled</mAdminState>
<MatchRules>
<Type>url</Type>
<HttpTag/>
<HttpValue/>
<Url>/collect/.*</Url>
<ErrorCode/>
<XPATHExpression/>
<Method>default</Method>
<CustomMethod/></MatchRules>
<MatchWithPCRE>on</MatchWithPCRE>
<CombineWithOr>off</CombineWithOr></Matching><StylePolicyAction name="dpTool-mpg-request-rule-collect_convert-http_0" xmlns:env="http://www.w3.org/2003/05/soap-envelope" xmlns:dp="http://www.datapower.com/schemas/management">
<mAdminState>enabled</mAdminState>
<Type>convert-http</Type>
<Input>INPUT</Input>
<ParseSettingsReference>
<URL/>
<Literal/>
<Default/></ParseSettingsReference>
<ParseMetricsResultType>none</ParseMetricsResultType>
<TransformLanguage>none</TransformLanguage>
<ActionDebug persisted="false">off</ActionDebug>
<Output>PIPE</Output>
<NoTranscodeUtf8>off</NoTranscodeUtf8>
<NamedInOutLocationType>default</NamedInOutLocationType>
<SSLClientConfigType>proxy</SSLClientConfigType>
<Transactional>off</Transactional>
<SOAPValidation>body</SOAPValidation>
<SQLSourceType>static</SQLSourceType>
<JWSVerifyStripSignature>on</JWSVerifyStripSignature>
<Asynchronous>off</Asynchronous>
<ResultsMode>first-available</ResultsMode>
<RetryCount>0</RetryCount>
<RetryInterval>1000</RetryInterval>
<MultipleOutputs>off</MultipleOutputs>
<IteratorType>XPATH</IteratorType>
<Timeout>0</Timeout>
<MethodRewriteType>GET</MethodRewriteType>
<MethodType>POST</MethodType>
<MethodType2>POST</MethodType2></StylePolicyAction><StylePolicyAction name="dpTool-mpg-request-rule-collect_xform_2" xmlns:env="http://www.w3.org/2003/05/soap-envelope" xmlns:dp="http://www.datapower.com/schemas/management">
<mAdminState>enabled</mAdminState>
<Type>xform</Type>
<Input>PIPE</Input>
<Transform>local:///dpTool/code/collectInfo.xsl</Transform>
<ParseSettingsReference>
<URL/>
<Literal/>
<Default/></ParseSettingsReference>
<ParseMetricsResultType>none</ParseMetricsResultType>
<TransformLanguage>none</TransformLanguage>
<ActionDebug persisted="false">off</ActionDebug>
<Output>PIPE</Output>
<NoTranscodeUtf8>off</NoTranscodeUtf8>
<NamedInOutLocationType>default</NamedInOutLocationType>
<SSLClientConfigType>proxy</SSLClientConfigType>
<OutputType>default</OutputType>
<Transactional>off</Transactional>
<SOAPValidation>body</SOAPValidation>
<SQLSourceType>static</SQLSourceType>
<JWSVerifyStripSignature>on</JWSVerifyStripSignature>
<Asynchronous>off</Asynchronous>
<ResultsMode>first-available</ResultsMode>
<RetryCount>0</RetryCount>
<RetryInterval>1000</RetryInterval>
<MultipleOutputs>off</MultipleOutputs>
<IteratorType>XPATH</IteratorType>
<Timeout>0</Timeout>
<MethodRewriteType>GET</MethodRewriteType>
<MethodType>POST</MethodType>
<MethodType2>POST</MethodType2></StylePolicyAction><StylePolicyAction name="dpTool-mpg-request-rule-collect_xform_3" xmlns:env="http://www.w3.org/2003/05/soap-envelope" xmlns:dp="http://www.datapower.com/schemas/management">
<mAdminState>enabled</mAdminState>
<Type>xform</Type>
<Input>PIPE</Input>
<Transform>local:///dpTool/code/formatInfo.xsl</Transform>
<ParseSettingsReference>
<URL/>
<Literal/>
<Default/></ParseSettingsReference>
<ParseMetricsResultType>none</ParseMetricsResultType>
<TransformLanguage>none</TransformLanguage>
<ActionDebug persisted="false">off</ActionDebug>
<Output>OUTPUT</Output>
<NoTranscodeUtf8>off</NoTranscodeUtf8>
<NamedInOutLocationType>default</NamedInOutLocationType>
<SSLClientConfigType>proxy</SSLClientConfigType>
<OutputType>default</OutputType>
<Transactional>off</Transactional>
<SOAPValidation>body</SOAPValidation>
<SQLSourceType>static</SQLSourceType>
<JWSVerifyStripSignature>on</JWSVerifyStripSignature>
<Asynchronous>off</Asynchronous>
<ResultsMode>first-available</ResultsMode>
<RetryCount>0</RetryCount>
<RetryInterval>1000</RetryInterval>
<MultipleOutputs>off</MultipleOutputs>
<IteratorType>XPATH</IteratorType>
<Timeout>0</Timeout>
<MethodRewriteType>GET</MethodRewriteType>
<MethodType>POST</MethodType>
<MethodType2>POST</MethodType2></StylePolicyAction><StylePolicyRule name="dpTool-mpg-request-rule-collect" xmlns:env="http://www.w3.org/2003/05/soap-envelope" xmlns:dp="http://www.datapower.com/schemas/management">
<mAdminState>enabled</mAdminState>
<Actions class="StylePolicyAction">dpTool-mpg-request-rule-collect_convert-http_0</Actions>
<Actions class="StylePolicyAction">dpTool-mpg-request-rule-collect_xform_2</Actions>
<Actions class="StylePolicyAction">dpTool-mpg-request-rule-collect_xform_3</Actions>
<Direction>request-rule</Direction>
<InputFormat>none</InputFormat>
<OutputFormat>none</OutputFormat>
<NonXMLProcessing>off</NonXMLProcessing>
<Unprocessed>off</Unprocessed></StylePolicyRule><Matching name="dpTool-validate" xmlns:env="http://www.w3.org/2003/05/soap-envelope" xmlns:dp="http://www.datapower.com/schemas/management">
<mAdminState>enabled</mAdminState>
<MatchRules>
<Type>url</Type>
<HttpTag/>
<HttpValue/>
<Url>/validate/.*</Url>
<ErrorCode/>
<XPATHExpression/>
<Method>default</Method>
<CustomMethod/></MatchRules>
<MatchWithPCRE>on</MatchWithPCRE>
<CombineWithOr>off</CombineWithOr></Matching><StylePolicyAction name="dpTool-mpg-request-rule-validate_convert-http_0" xmlns:env="http://www.w3.org/2003/05/soap-envelope" xmlns:dp="http://www.datapower.com/schemas/management">
<mAdminState>enabled</mAdminState>
<Type>convert-http</Type>
<Input>INPUT</Input>
<ParseSettingsReference>
<URL/>
<Literal/>
<Default/></ParseSettingsReference>
<ParseMetricsResultType>none</ParseMetricsResultType>
<TransformLanguage>none</TransformLanguage>
<ActionDebug persisted="false">off</ActionDebug>
<Output>PIPE</Output>
<NoTranscodeUtf8>off</NoTranscodeUtf8>
<NamedInOutLocationType>default</NamedInOutLocationType>
<SSLClientConfigType>proxy</SSLClientConfigType>
<Transactional>off</Transactional>
<SOAPValidation>body</SOAPValidation>
<SQLSourceType>static</SQLSourceType>
<JWSVerifyStripSignature>on</JWSVerifyStripSignature>
<Asynchronous>off</Asynchronous>
<ResultsMode>first-available</ResultsMode>
<RetryCount>0</RetryCount>
<RetryInterval>1000</RetryInterval>
<MultipleOutputs>off</MultipleOutputs>
<IteratorType>XPATH</IteratorType>
<Timeout>0</Timeout>
<MethodRewriteType>GET</MethodRewriteType>
<MethodType>POST</MethodType>
<MethodType2>POST</MethodType2></StylePolicyAction><StylePolicyAction name="dpTool-mpg-request-rule-validate_xform_6" xmlns:env="http://www.w3.org/2003/05/soap-envelope" xmlns:dp="http://www.datapower.com/schemas/management">
<mAdminState>enabled</mAdminState>
<Type>xform</Type>
<Input>PIPE</Input>
<Transform>local:///dpTool/code/validate.xsl</Transform>
<ParseSettingsReference>
<URL/>
<Literal/>
<Default/></ParseSettingsReference>
<ParseMetricsResultType>none</ParseMetricsResultType>
<TransformLanguage>none</TransformLanguage>
<ActionDebug persisted="false">off</ActionDebug>
<Output>OUTPUT</Output>
<NoTranscodeUtf8>off</NoTranscodeUtf8>
<NamedInOutLocationType>default</NamedInOutLocationType>
<SSLClientConfigType>proxy</SSLClientConfigType>
<OutputType>default</OutputType>
<Transactional>off</Transactional>
<SOAPValidation>body</SOAPValidation>
<SQLSourceType>static</SQLSourceType>
<JWSVerifyStripSignature>on</JWSVerifyStripSignature>
<Asynchronous>off</Asynchronous>
<ResultsMode>first-available</ResultsMode>
<RetryCount>0</RetryCount>
<RetryInterval>1000</RetryInterval>
<MultipleOutputs>off</MultipleOutputs>
<IteratorType>XPATH</IteratorType>
<Timeout>0</Timeout>
<MethodRewriteType>GET</MethodRewriteType>
<MethodType>POST</MethodType>
<MethodType2>POST</MethodType2></StylePolicyAction><StylePolicyRule name="dpTool-mpg-request-rule-validate" xmlns:env="http://www.w3.org/2003/05/soap-envelope" xmlns:dp="http://www.datapower.com/schemas/management">
<mAdminState>enabled</mAdminState>
<Actions class="StylePolicyAction">dpTool-mpg-request-rule-validate_convert-http_0</Actions>
<Actions class="StylePolicyAction">dpTool-mpg-request-rule-validate_xform_6</Actions>
<Direction>request-rule</Direction>
<InputFormat>none</InputFormat>
<OutputFormat>none</OutputFormat>
<NonXMLProcessing>off</NonXMLProcessing>
<Unprocessed>off</Unprocessed></StylePolicyRule><Matching name="dpTool-search" xmlns:env="http://www.w3.org/2003/05/soap-envelope" xmlns:dp="http://www.datapower.com/schemas/management">
<mAdminState>enabled</mAdminState>
<MatchRules>
<Type>url</Type>
<HttpTag/>
<HttpValue/>
<Url>/search/.*</Url>
<ErrorCode/>
<XPATHExpression/>
<Method>default</Method>
<CustomMethod/></MatchRules>
<MatchWithPCRE>on</MatchWithPCRE>
<CombineWithOr>off</CombineWithOr></Matching><StylePolicyAction name="dpTool-mpg-request-rule-search_convert-http_0" xmlns:env="http://www.w3.org/2003/05/soap-envelope" xmlns:dp="http://www.datapower.com/schemas/management">
<mAdminState>enabled</mAdminState>
<Type>convert-http</Type>
<Input>INPUT</Input>
<ParseSettingsReference>
<URL/>
<Literal/>
<Default/></ParseSettingsReference>
<ParseMetricsResultType>none</ParseMetricsResultType>
<TransformLanguage>none</TransformLanguage>
<ActionDebug persisted="false">off</ActionDebug>
<Output>PIPE</Output>
<NoTranscodeUtf8>off</NoTranscodeUtf8>
<NamedInOutLocationType>default</NamedInOutLocationType>
<SSLClientConfigType>proxy</SSLClientConfigType>
<Transactional>off</Transactional>
<SOAPValidation>body</SOAPValidation>
<SQLSourceType>static</SQLSourceType>
<JWSVerifyStripSignature>on</JWSVerifyStripSignature>
<Asynchronous>off</Asynchronous>
<ResultsMode>first-available</ResultsMode>
<RetryCount>0</RetryCount>
<RetryInterval>1000</RetryInterval>
<MultipleOutputs>off</MultipleOutputs>
<IteratorType>XPATH</IteratorType>
<Timeout>0</Timeout>
<MethodRewriteType>GET</MethodRewriteType>
<MethodType>POST</MethodType>
<MethodType2>POST</MethodType2></StylePolicyAction><StylePolicyAction name="dpTool-mpg-request-rule-search_xform_8" xmlns:env="http://www.w3.org/2003/05/soap-envelope" xmlns:dp="http://www.datapower.com/schemas/management">
<mAdminState>enabled</mAdminState>
<Type>xform</Type>
<Input>PIPE</Input>
<Transform>local:///dpTool/code/searchDomain.xsl</Transform>
<ParseSettingsReference>
<URL/>
<Literal/>
<Default/></ParseSettingsReference>
<ParseMetricsResultType>none</ParseMetricsResultType>
<TransformLanguage>none</TransformLanguage>
<ActionDebug persisted="false">off</ActionDebug>
<Output>OUTPUT</Output>
<NoTranscodeUtf8>off</NoTranscodeUtf8>
<NamedInOutLocationType>default</NamedInOutLocationType>
<SSLClientConfigType>proxy</SSLClientConfigType>
<OutputType>default</OutputType>
<Transactional>off</Transactional>
<SOAPValidation>body</SOAPValidation>
<SQLSourceType>static</SQLSourceType>
<JWSVerifyStripSignature>on</JWSVerifyStripSignature>
<Asynchronous>off</Asynchronous>
<ResultsMode>first-available</ResultsMode>
<RetryCount>0</RetryCount>
<RetryInterval>1000</RetryInterval>
<MultipleOutputs>off</MultipleOutputs>
<IteratorType>XPATH</IteratorType>
<Timeout>0</Timeout>
<MethodRewriteType>GET</MethodRewriteType>
<MethodType>POST</MethodType>
<MethodType2>POST</MethodType2></StylePolicyAction><StylePolicyRule name="dpTool-mpg-request-rule-search" xmlns:env="http://www.w3.org/2003/05/soap-envelope" xmlns:dp="http://www.datapower.com/schemas/management">
<mAdminState>enabled</mAdminState>
<Actions class="StylePolicyAction">dpTool-mpg-request-rule-search_convert-http_0</Actions>
<Actions class="StylePolicyAction">dpTool-mpg-request-rule-search_xform_8</Actions>
<Direction>request-rule</Direction>
<InputFormat>none</InputFormat>
<OutputFormat>none</OutputFormat>
<NonXMLProcessing>off</NonXMLProcessing>
<Unprocessed>off</Unprocessed></StylePolicyRule><Matching name="dpTool-cert" xmlns:env="http://www.w3.org/2003/05/soap-envelope" xmlns:dp="http://www.datapower.com/schemas/management">
<mAdminState>enabled</mAdminState>
<MatchRules>
<Type>url</Type>
<HttpTag/>
<HttpValue/>
<Url>/cert/.*</Url>
<ErrorCode/>
<XPATHExpression/>
<Method>default</Method>
<CustomMethod/></MatchRules>
<MatchWithPCRE>on</MatchWithPCRE>
<CombineWithOr>off</CombineWithOr></Matching><StylePolicyAction name="dpTool-mpg-request-rule-cert_convert-http_0" xmlns:env="http://www.w3.org/2003/05/soap-envelope" xmlns:dp="http://www.datapower.com/schemas/management">
<mAdminState>enabled</mAdminState>
<Type>convert-http</Type>
<Input>INPUT</Input>
<ParseSettingsReference>
<URL/>
<Literal/>
<Default/></ParseSettingsReference>
<ParseMetricsResultType>none</ParseMetricsResultType>
<TransformLanguage>none</TransformLanguage>
<ActionDebug persisted="false">off</ActionDebug>
<Output>PIPE</Output>
<NoTranscodeUtf8>off</NoTranscodeUtf8>
<NamedInOutLocationType>default</NamedInOutLocationType>
<SSLClientConfigType>proxy</SSLClientConfigType>
<Transactional>off</Transactional>
<SOAPValidation>body</SOAPValidation>
<SQLSourceType>static</SQLSourceType>
<JWSVerifyStripSignature>on</JWSVerifyStripSignature>
<Asynchronous>off</Asynchronous>
<ResultsMode>first-available</ResultsMode>
<RetryCount>0</RetryCount>
<RetryInterval>1000</RetryInterval>
<MultipleOutputs>off</MultipleOutputs>
<IteratorType>XPATH</IteratorType>
<Timeout>0</Timeout>
<MethodRewriteType>GET</MethodRewriteType>
<MethodType>POST</MethodType>
<MethodType2>POST</MethodType2></StylePolicyAction><StylePolicyAction name="dpTool-mpg-request-rule-cert_xform_10" xmlns:env="http://www.w3.org/2003/05/soap-envelope" xmlns:dp="http://www.datapower.com/schemas/management">
<mAdminState>enabled</mAdminState>
<Type>xform</Type>
<Input>PIPE</Input>
<Transform>local:///dpTool/code/certInfo.xsl</Transform>
<ParseSettingsReference>
<URL/>
<Literal/>
<Default/></ParseSettingsReference>
<ParseMetricsResultType>none</ParseMetricsResultType>
<TransformLanguage>none</TransformLanguage>
<ActionDebug persisted="false">off</ActionDebug>
<Output>PIPE</Output>
<NoTranscodeUtf8>off</NoTranscodeUtf8>
<NamedInOutLocationType>default</NamedInOutLocationType>
<SSLClientConfigType>proxy</SSLClientConfigType>
<OutputType>default</OutputType>
<Transactional>off</Transactional>
<SOAPValidation>body</SOAPValidation>
<SQLSourceType>static</SQLSourceType>
<JWSVerifyStripSignature>on</JWSVerifyStripSignature>
<Asynchronous>off</Asynchronous>
<ResultsMode>first-available</ResultsMode>
<RetryCount>0</RetryCount>
<RetryInterval>1000</RetryInterval>
<MultipleOutputs>off</MultipleOutputs>
<IteratorType>XPATH</IteratorType>
<Timeout>0</Timeout>
<MethodRewriteType>GET</MethodRewriteType>
<MethodType>POST</MethodType>
<MethodType2>POST</MethodType2></StylePolicyAction><StylePolicyAction name="dpTool-mpg-request-rule-cert_xform_11" xmlns:env="http://www.w3.org/2003/05/soap-envelope" xmlns:dp="http://www.datapower.com/schemas/management">
<mAdminState>enabled</mAdminState>
<Type>xform</Type>
<Input>PIPE</Input>
<Transform>local:///dpTool/code/certToHTML.xsl</Transform>
<ParseSettingsReference>
<URL/>
<Literal/>
<Default/></ParseSettingsReference>
<ParseMetricsResultType>none</ParseMetricsResultType>
<TransformLanguage>none</TransformLanguage>
<ActionDebug persisted="false">off</ActionDebug>
<Output>OUTPUT</Output>
<NoTranscodeUtf8>off</NoTranscodeUtf8>
<NamedInOutLocationType>default</NamedInOutLocationType>
<SSLClientConfigType>proxy</SSLClientConfigType>
<OutputType>default</OutputType>
<Transactional>off</Transactional>
<SOAPValidation>body</SOAPValidation>
<SQLSourceType>static</SQLSourceType>
<JWSVerifyStripSignature>on</JWSVerifyStripSignature>
<Asynchronous>off</Asynchronous>
<ResultsMode>first-available</ResultsMode>
<RetryCount>0</RetryCount>
<RetryInterval>1000</RetryInterval>
<MultipleOutputs>off</MultipleOutputs>
<IteratorType>XPATH</IteratorType>
<Timeout>0</Timeout>
<MethodRewriteType>GET</MethodRewriteType>
<MethodType>POST</MethodType>
<MethodType2>POST</MethodType2></StylePolicyAction><StylePolicyRule name="dpTool-mpg-request-rule-cert" xmlns:env="http://www.w3.org/2003/05/soap-envelope" xmlns:dp="http://www.datapower.com/schemas/management">
<mAdminState>enabled</mAdminState>
<Actions class="StylePolicyAction">dpTool-mpg-request-rule-cert_convert-http_0</Actions>
<Actions class="StylePolicyAction">dpTool-mpg-request-rule-cert_xform_10</Actions>
<Actions class="StylePolicyAction">dpTool-mpg-request-rule-cert_xform_11</Actions>
<Direction>request-rule</Direction>
<InputFormat>none</InputFormat>
<OutputFormat>none</OutputFormat>
<NonXMLProcessing>off</NonXMLProcessing>
<Unprocessed>off</Unprocessed></StylePolicyRule><Matching name="dpTool-tcplookup" xmlns:env="http://www.w3.org/2003/05/soap-envelope" xmlns:dp="http://www.datapower.com/schemas/management">
<mAdminState>enabled</mAdminState>
<MatchRules>
<Type>url</Type>
<HttpTag/>
<HttpValue/>
<Url>/tcplookup/.*</Url>
<ErrorCode/>
<XPATHExpression/>
<Method>default</Method>
<CustomMethod/></MatchRules>
<MatchWithPCRE>on</MatchWithPCRE>
<CombineWithOr>off</CombineWithOr></Matching><StylePolicyAction name="dpTool-mpg-request-rule-tcplookup_convert-http_0" xmlns:env="http://www.w3.org/2003/05/soap-envelope" xmlns:dp="http://www.datapower.com/schemas/management">
<mAdminState>enabled</mAdminState>
<Type>convert-http</Type>
<Input>INPUT</Input>
<ParseSettingsReference>
<URL/>
<Literal/>
<Default/></ParseSettingsReference>
<ParseMetricsResultType>none</ParseMetricsResultType>
<TransformLanguage>none</TransformLanguage>
<ActionDebug persisted="false">off</ActionDebug>
<Output>PIPE</Output>
<NoTranscodeUtf8>off</NoTranscodeUtf8>
<NamedInOutLocationType>default</NamedInOutLocationType>
<SSLClientConfigType>proxy</SSLClientConfigType>
<Transactional>off</Transactional>
<SOAPValidation>body</SOAPValidation>
<SQLSourceType>static</SQLSourceType>
<JWSVerifyStripSignature>on</JWSVerifyStripSignature>
<Asynchronous>off</Asynchronous>
<ResultsMode>first-available</ResultsMode>
<RetryCount>0</RetryCount>
<RetryInterval>1000</RetryInterval>
<MultipleOutputs>off</MultipleOutputs>
<IteratorType>XPATH</IteratorType>
<Timeout>0</Timeout>
<MethodRewriteType>GET</MethodRewriteType>
<MethodType>POST</MethodType>
<MethodType2>POST</MethodType2></StylePolicyAction><StylePolicyAction name="dpTool-mpg-request-rule-tcplookup_xform_14" xmlns:env="http://www.w3.org/2003/05/soap-envelope" xmlns:dp="http://www.datapower.com/schemas/management">
<mAdminState>enabled</mAdminState>
<Type>xform</Type>
<Input>PIPE</Input>
<Transform>local:///dpTool/code/tcplookup.xsl</Transform>
<ParseSettingsReference>
<URL/>
<Literal/>
<Default/></ParseSettingsReference>
<ParseMetricsResultType>none</ParseMetricsResultType>
<TransformLanguage>none</TransformLanguage>
<ActionDebug persisted="false">off</ActionDebug>
<Output>OUTPUT</Output>
<NoTranscodeUtf8>off</NoTranscodeUtf8>
<NamedInOutLocationType>default</NamedInOutLocationType>
<SSLClientConfigType>proxy</SSLClientConfigType>
<OutputType>default</OutputType>
<Transactional>off</Transactional>
<SOAPValidation>body</SOAPValidation>
<SQLSourceType>static</SQLSourceType>
<JWSVerifyStripSignature>on</JWSVerifyStripSignature>
<Asynchronous>off</Asynchronous>
<ResultsMode>first-available</ResultsMode>
<RetryCount>0</RetryCount>
<RetryInterval>1000</RetryInterval>
<MultipleOutputs>off</MultipleOutputs>
<IteratorType>XPATH</IteratorType>
<Timeout>0</Timeout>
<MethodRewriteType>GET</MethodRewriteType>
<MethodType>POST</MethodType>
<MethodType2>POST</MethodType2></StylePolicyAction><StylePolicyRule name="dpTool-mpg-request-rule-tcplookup" xmlns:env="http://www.w3.org/2003/05/soap-envelope" xmlns:dp="http://www.datapower.com/schemas/management">
<mAdminState>enabled</mAdminState>
<Actions class="StylePolicyAction">dpTool-mpg-request-rule-tcplookup_convert-http_0</Actions>
<Actions class="StylePolicyAction">dpTool-mpg-request-rule-tcplookup_xform_14</Actions>
<Direction>request-rule</Direction>
<InputFormat>none</InputFormat>
<OutputFormat>none</OutputFormat>
<NonXMLProcessing>off</NonXMLProcessing>
<Unprocessed>off</Unprocessed></StylePolicyRule><Matching name="dpTool-compare" xmlns:env="http://www.w3.org/2003/05/soap-envelope" xmlns:dp="http://www.datapower.com/schemas/management">
<mAdminState>enabled</mAdminState>
<MatchRules>
<Type>url</Type>
<HttpTag/>
<HttpValue/>
<Url>/compare/.*</Url>
<ErrorCode/>
<XPATHExpression/>
<Method>default</Method>
<CustomMethod/></MatchRules>
<MatchWithPCRE>on</MatchWithPCRE>
<CombineWithOr>off</CombineWithOr></Matching><StylePolicyAction name="dpTool-mpg-request-rule-compare_convert-http_0" xmlns:env="http://www.w3.org/2003/05/soap-envelope" xmlns:dp="http://www.datapower.com/schemas/management">
<mAdminState>enabled</mAdminState>
<Type>convert-http</Type>
<Input>INPUT</Input>
<ParseSettingsReference>
<URL/>
<Literal/>
<Default/></ParseSettingsReference>
<ParseMetricsResultType>none</ParseMetricsResultType>
<TransformLanguage>none</TransformLanguage>
<ActionDebug persisted="false">off</ActionDebug>
<Output>PIPE</Output>
<NoTranscodeUtf8>off</NoTranscodeUtf8>
<NamedInOutLocationType>default</NamedInOutLocationType>
<SSLClientConfigType>proxy</SSLClientConfigType>
<Transactional>off</Transactional>
<SOAPValidation>body</SOAPValidation>
<SQLSourceType>static</SQLSourceType>
<JWSVerifyStripSignature>on</JWSVerifyStripSignature>
<Asynchronous>off</Asynchronous>
<ResultsMode>first-available</ResultsMode>
<RetryCount>0</RetryCount>
<RetryInterval>1000</RetryInterval>
<MultipleOutputs>off</MultipleOutputs>
<IteratorType>XPATH</IteratorType>
<Timeout>0</Timeout>
<MethodRewriteType>GET</MethodRewriteType>
<MethodType>POST</MethodType>
<MethodType2>POST</MethodType2></StylePolicyAction><StylePolicyAction name="dpTool-mpg-request-rule-compare_xform_1" xmlns:env="http://www.w3.org/2003/05/soap-envelope" xmlns:dp="http://www.datapower.com/schemas/management">
<mAdminState>enabled</mAdminState>
<Type>xform</Type>
<Input>PIPE</Input>
<Transform>local:///dpTool/code/compareConfig.xsl</Transform>
<ParseSettingsReference>
<URL/>
<Literal/>
<Default/></ParseSettingsReference>
<ParseMetricsResultType>none</ParseMetricsResultType>
<TransformLanguage>none</TransformLanguage>
<ActionDebug persisted="false">off</ActionDebug>
<Output>OUTPUT</Output>
<NoTranscodeUtf8>off</NoTranscodeUtf8>
<NamedInOutLocationType>default</NamedInOutLocationType>
<SSLClientConfigType>proxy</SSLClientConfigType>
<OutputType>default</OutputType>
<Transactional>off</Transactional>
<SOAPValidation>body</SOAPValidation>
<SQLSourceType>static</SQLSourceType>
<JWSVerifyStripSignature>on</JWSVerifyStripSignature>
<Asynchronous>off</Asynchronous>
<ResultsMode>first-available</ResultsMode>
<RetryCount>0</RetryCount>
<RetryInterval>1000</RetryInterval>
<MultipleOutputs>off</MultipleOutputs>
<IteratorType>XPATH</IteratorType>
<Timeout>0</Timeout>
<MethodRewriteType>GET</MethodRewriteType>
<MethodType>POST</MethodType>
<MethodType2>POST</MethodType2></StylePolicyAction><StylePolicyRule name="dpTool-mpg-request-rule-compare" xmlns:env="http://www.w3.org/2003/05/soap-envelope" xmlns:dp="http://www.datapower.com/schemas/management">
<mAdminState>enabled</mAdminState>
<Actions class="StylePolicyAction">dpTool-mpg-request-rule-compare_convert-http_0</Actions>
<Actions class="StylePolicyAction">dpTool-mpg-request-rule-compare_xform_1</Actions>
<Direction>request-rule</Direction>
<InputFormat>none</InputFormat>
<OutputFormat>none</OutputFormat>
<NonXMLProcessing>off</NonXMLProcessing>
<Unprocessed>off</Unprocessed></StylePolicyRule><Matching name="dpTool-compareFiles" xmlns:env="http://www.w3.org/2003/05/soap-envelope" xmlns:dp="http://www.datapower.com/schemas/management">
<mAdminState>enabled</mAdminState>
<MatchRules>
<Type>url</Type>
<HttpTag/>
<HttpValue/>
<Url>/compareFiles/.*</Url>
<ErrorCode/>
<XPATHExpression/>
<Method>default</Method>
<CustomMethod/></MatchRules>
<MatchWithPCRE>on</MatchWithPCRE>
<CombineWithOr>off</CombineWithOr></Matching><StylePolicyAction name="dpTool-mpg-request-rule-compareFiles_convert-http_0" xmlns:env="http://www.w3.org/2003/05/soap-envelope" xmlns:dp="http://www.datapower.com/schemas/management">
<mAdminState>enabled</mAdminState>
<Type>convert-http</Type>
<Input>INPUT</Input>
<ParseSettingsReference>
<URL/>
<Literal/>
<Default/></ParseSettingsReference>
<ParseMetricsResultType>none</ParseMetricsResultType>
<TransformLanguage>none</TransformLanguage>
<ActionDebug persisted="false">off</ActionDebug>
<Output>PIPE</Output>
<NoTranscodeUtf8>off</NoTranscodeUtf8>
<NamedInOutLocationType>default</NamedInOutLocationType>
<SSLClientConfigType>proxy</SSLClientConfigType>
<Transactional>off</Transactional>
<SOAPValidation>body</SOAPValidation>
<SQLSourceType>static</SQLSourceType>
<JWSVerifyStripSignature>on</JWSVerifyStripSignature>
<Asynchronous>off</Asynchronous>
<ResultsMode>first-available</ResultsMode>
<RetryCount>0</RetryCount>
<RetryInterval>1000</RetryInterval>
<MultipleOutputs>off</MultipleOutputs>
<IteratorType>XPATH</IteratorType>
<Timeout>0</Timeout>
<MethodRewriteType>GET</MethodRewriteType>
<MethodType>POST</MethodType>
<MethodType2>POST</MethodType2></StylePolicyAction><StylePolicyAction name="dpTool-mpg-request-rule-compareFiles_xform_2" xmlns:env="http://www.w3.org/2003/05/soap-envelope" xmlns:dp="http://www.datapower.com/schemas/management">
<mAdminState>enabled</mAdminState>
<Type>xform</Type>
<Input>PIPE</Input>
<Transform>local:///dpTool/code/compareFiles.xsl</Transform>
<ParseSettingsReference>
<URL/>
<Literal/>
<Default/></ParseSettingsReference>
<ParseMetricsResultType>none</ParseMetricsResultType>
<TransformLanguage>none</TransformLanguage>
<ActionDebug persisted="false">off</ActionDebug>
<Output>OUTPUT</Output>
<NoTranscodeUtf8>off</NoTranscodeUtf8>
<NamedInOutLocationType>default</NamedInOutLocationType>
<SSLClientConfigType>proxy</SSLClientConfigType>
<OutputType>default</OutputType>
<Transactional>off</Transactional>
<SOAPValidation>body</SOAPValidation>
<SQLSourceType>static</SQLSourceType>
<JWSVerifyStripSignature>on</JWSVerifyStripSignature>
<Asynchronous>off</Asynchronous>
<ResultsMode>first-available</ResultsMode>
<RetryCount>0</RetryCount>
<RetryInterval>1000</RetryInterval>
<MultipleOutputs>off</MultipleOutputs>
<IteratorType>XPATH</IteratorType>
<Timeout>0</Timeout>
<MethodRewriteType>GET</MethodRewriteType>
<MethodType>POST</MethodType>
<MethodType2>POST</MethodType2></StylePolicyAction><StylePolicyRule name="dpTool-mpg-request-rule-compareFiles" xmlns:env="http://www.w3.org/2003/05/soap-envelope" xmlns:dp="http://www.datapower.com/schemas/management">
<mAdminState>enabled</mAdminState>
<Actions class="StylePolicyAction">dpTool-mpg-request-rule-compareFiles_convert-http_0</Actions>
<Actions class="StylePolicyAction">dpTool-mpg-request-rule-compareFiles_xform_2</Actions>
<Direction>request-rule</Direction>
<InputFormat>none</InputFormat>
<OutputFormat>none</OutputFormat>
<NonXMLProcessing>off</NonXMLProcessing>
<Unprocessed>off</Unprocessed></StylePolicyRule><Matching name="dpTool-ref" xmlns:env="http://www.w3.org/2003/05/soap-envelope" xmlns:dp="http://www.datapower.com/schemas/management">
<mAdminState>enabled</mAdminState>
<MatchRules>
<Type>url</Type>
<HttpTag/>
<HttpValue/>
<Url>//matchNone//</Url>
<ErrorCode/>
<XPATHExpression/>
<Method>default</Method>
<CustomMethod/></MatchRules>
<MatchWithPCRE>off</MatchWithPCRE>
<CombineWithOr>off</CombineWithOr></Matching><StylePolicyAction name="dpTool-mpg-policy-rule-ref-config_fetch_0" xmlns:env="http://www.w3.org/2003/05/soap-envelope" xmlns:dp="http://www.datapower.com/schemas/management">
<mAdminState>enabled</mAdminState>
<Type>fetch</Type>
<Input>INPUT</Input>
<ParseSettingsReference>
<URL/>
<Literal/>
<Default/></ParseSettingsReference>
<ParseMetricsResultType>none</ParseMetricsResultType>
<TransformLanguage>none</TransformLanguage>
<ActionDebug persisted="false">off</ActionDebug>
<Output>PIPE</Output>
<NoTranscodeUtf8>off</NoTranscodeUtf8>
<NamedInOutLocationType>default</NamedInOutLocationType>
<Destination>local:///dpTool/config/dpTool-config.xml</Destination>
<SSLClientConfigType>proxy</SSLClientConfigType>
<OutputType>default</OutputType>
<Transactional>off</Transactional>
<SOAPValidation>body</SOAPValidation>
<SQLSourceType>static</SQLSourceType>
<JWSVerifyStripSignature>on</JWSVerifyStripSignature>
<Asynchronous>off</Asynchronous>
<ResultsMode>first-available</ResultsMode>
<RetryCount>0</RetryCount>
<RetryInterval>1000</RetryInterval>
<MultipleOutputs>off</MultipleOutputs>
<IteratorType>XPATH</IteratorType>
<Timeout>0</Timeout>
<MethodRewriteType>GET</MethodRewriteType>
<MethodType>POST</MethodType>
<MethodType2>POST</MethodType2></StylePolicyAction><StylePolicyAction name="dpTool-mpg-policy-rule-ref-config_fetch_1" xmlns:env="http://www.w3.org/2003/05/soap-envelope" xmlns:dp="http://www.datapower.com/schemas/management">
<mAdminState>enabled</mAdminState>
<Type>fetch</Type>
<Input>PIPE</Input>
<ParseSettingsReference>
<URL/>
<Literal/>
<Default/></ParseSettingsReference>
<ParseMetricsResultType>none</ParseMetricsResultType>
<TransformLanguage>none</TransformLanguage>
<ActionDebug persisted="false">off</ActionDebug>
<Output>OUTPUT</Output>
<NoTranscodeUtf8>off</NoTranscodeUtf8>
<NamedInOutLocationType>default</NamedInOutLocationType>
<Destination>local:///dpTool/config/hosts.xml</Destination>
<SSLClientConfigType>proxy</SSLClientConfigType>
<OutputType>default</OutputType>
<Transactional>off</Transactional>
<SOAPValidation>body</SOAPValidation>
<SQLSourceType>static</SQLSourceType>
<JWSVerifyStripSignature>on</JWSVerifyStripSignature>
<Asynchronous>off</Asynchronous>
<ResultsMode>first-available</ResultsMode>
<RetryCount>0</RetryCount>
<RetryInterval>1000</RetryInterval>
<MultipleOutputs>off</MultipleOutputs>
<IteratorType>XPATH</IteratorType>
<Timeout>0</Timeout>
<MethodRewriteType>GET</MethodRewriteType>
<MethodType>POST</MethodType>
<MethodType2>POST</MethodType2></StylePolicyAction><StylePolicyRule name="dpTool-mpg-policy-rule-ref-config" xmlns:env="http://www.w3.org/2003/05/soap-envelope" xmlns:dp="http://www.datapower.com/schemas/management">
<mAdminState>enabled</mAdminState>
<Actions class="StylePolicyAction">dpTool-mpg-policy-rule-ref-config_fetch_0</Actions>
<Actions class="StylePolicyAction">dpTool-mpg-policy-rule-ref-config_fetch_1</Actions>
<Direction>error-rule</Direction>
<InputFormat>none</InputFormat>
<OutputFormat>none</OutputFormat>
<NonXMLProcessing>off</NonXMLProcessing>
<Unprocessed>off</Unprocessed></StylePolicyRule><StylePolicy name="dpTool-mpg-policy" xmlns:env="http://www.w3.org/2003/05/soap-envelope" xmlns:dp="http://www.datapower.com/schemas/management">
<mAdminState>enabled</mAdminState>
<DefStylesheetForSoap>store:///filter-reject-all.xsl</DefStylesheetForSoap>
<DefStylesheetForXsl>store:///identity.xsl</DefStylesheetForXsl>
<DefXQueryForJSON>store:///reject-all-json.xq</DefXQueryForJSON>
<PolicyMaps>
<Match class="Matching">dpTool-index</Match>
<Rule class="StylePolicyRule">dpTool-mpg-request-rule-index</Rule></PolicyMaps>
<PolicyMaps>
<Match class="Matching">dpTool-dptest</Match>
<Rule class="StylePolicyRule">dpTool-mpg-request-rule-dptest</Rule></PolicyMaps>
<PolicyMaps>
<Match class="Matching">dpTool-collect</Match>
<Rule class="StylePolicyRule">dpTool-mpg-request-rule-collect</Rule></PolicyMaps>
<PolicyMaps>
<Match class="Matching">dpTool-validate</Match>
<Rule class="StylePolicyRule">dpTool-mpg-request-rule-validate</Rule></PolicyMaps>
<PolicyMaps>
<Match class="Matching">dpTool-search</Match>
<Rule class="StylePolicyRule">dpTool-mpg-request-rule-search</Rule></PolicyMaps>
<PolicyMaps>
<Match class="Matching">dpTool-cert</Match>
<Rule class="StylePolicyRule">dpTool-mpg-request-rule-cert</Rule></PolicyMaps>
<PolicyMaps>
<Match class="Matching">dpTool-tcplookup</Match>
<Rule class="StylePolicyRule">dpTool-mpg-request-rule-tcplookup</Rule></PolicyMaps>
<PolicyMaps>
<Match class="Matching">dpTool-compare</Match>
<Rule class="StylePolicyRule">dpTool-mpg-request-rule-compare</Rule></PolicyMaps>
<PolicyMaps>
<Match class="Matching">dpTool-compareFiles</Match>
<Rule class="StylePolicyRule">dpTool-mpg-request-rule-compareFiles</Rule></PolicyMaps>
<PolicyMaps>
<Match class="Matching">dpTool-ref</Match>
<Rule class="StylePolicyRule">dpTool-mpg-policy-rule-ref-config</Rule></PolicyMaps></StylePolicy><PolicyAttachments name="dpTool" xmlns:env="http://www.w3.org/2003/05/soap-envelope" xmlns:dp="http://www.datapower.com/schemas/management">
<mAdminState>enabled</mAdminState>
<EnforcementMode>enforce</EnforcementMode>
<PolicyReferences>on</PolicyReferences>
<SLAEnforcementMode>allow-if-no-sla</SLAEnforcementMode></PolicyAttachments><MultiProtocolGateway name="dpTool" xmlns:env="http://www.w3.org/2003/05/soap-envelope" xmlns:dp="http://www.datapower.com/schemas/management">
<mAdminState>enabled</mAdminState>
<UserSummary>Tool to query datapower configurations</UserSummary>
<Priority>normal</Priority>
<FrontProtocol class="HTTPSSourceProtocolHandler">dpTool-https-fsh</FrontProtocol>
<XMLManager class="XMLManager">dpTool-xml-manager</XMLManager>
<SSLClientConfigType>client</SSLClientConfigType>
<SSLClient class="SSLClientProfile">dpTool-trust-all-ssl</SSLClient>
<DefaultParamNamespace>http://www.datapower.com/param/config</DefaultParamNamespace>
<QueryParamNamespace>http://www.datapower.com/param/query</QueryParamNamespace>
<PropagateURI>on</PropagateURI>
<MonitorProcessingPolicy>terminate-at-first-throttle</MonitorProcessingPolicy>
<RequestAttachments>strip</RequestAttachments>
<ResponseAttachments>strip</ResponseAttachments>
<RequestAttachmentsFlowControl>off</RequestAttachmentsFlowControl>
<ResponseAttachmentsFlowControl>off</ResponseAttachmentsFlowControl>
<RootPartNotFirstAction>process-in-order</RootPartNotFirstAction>
<FrontAttachmentFormat>dynamic</FrontAttachmentFormat>
<BackAttachmentFormat>dynamic</BackAttachmentFormat>
<MIMEFrontHeaders>on</MIMEFrontHeaders>
<MIMEBackHeaders>on</MIMEBackHeaders>
<StreamOutputToBack>buffer-until-verification</StreamOutputToBack>
<StreamOutputToFront>buffer-until-verification</StreamOutputToFront>
<MaxMessageSize>0</MaxMessageSize>
<GatewayParserLimits>off</GatewayParserLimits>
<ParserLimitsElementDepth>512</ParserLimitsElementDepth>
<ParserLimitsAttributeCount>128</ParserLimitsAttributeCount>
<ParserLimitsMaxNodeSize>33554432</ParserLimitsMaxNodeSize>
<ParserLimitsForbidExternalReferences>on</ParserLimitsForbidExternalReferences>
<ParserLimitsExternalReferences>forbid</ParserLimitsExternalReferences>
<ParserLimitsMaxPrefixes>1024</ParserLimitsMaxPrefixes>
<ParserLimitsMaxNamespaces>1024</ParserLimitsMaxNamespaces>
<ParserLimitsMaxLocalNames>60000</ParserLimitsMaxLocalNames>
<ParserLimitsAttachmentByteCount>2000000000</ParserLimitsAttachmentByteCount>
<ParserLimitsAttachmentPackageByteCount>0</ParserLimitsAttachmentPackageByteCount>
<DebugMode persisted="false">off</DebugMode>
<DebuggerType>internal</DebuggerType>
<DebugHistory>25</DebugHistory>
<FlowControl>off</FlowControl>
<SOAPSchemaURL>store:///schemas/soap-envelope.xsd</SOAPSchemaURL>
<FrontTimeout>60</FrontTimeout>
<BackTimeout>60</BackTimeout>
<FrontPersistentTimeout>180</FrontPersistentTimeout>
<BackPersistentTimeout>180</BackPersistentTimeout>
<IncludeResponseTypeEncoding>off</IncludeResponseTypeEncoding>
<BackHTTPVersion>HTTP/1.1</BackHTTPVersion>
<PersistentConnections>on</PersistentConnections>
<LoopDetection>off</LoopDetection>
<DoHostRewriting>on</DoHostRewriting>
<DoChunkedUpload>off</DoChunkedUpload>
<ProcessHTTPErrors>on</ProcessHTTPErrors>
<HTTPClientIPLabel>X-Client-IP</HTTPClientIPLabel>
<HTTPLogCorIDLabel>X-Global-Transaction-ID</HTTPLogCorIDLabel>
<InOrderMode>
<Request>off</Request>
<Backend>off</Backend>
<Response>off</Response></InOrderMode>
<WSAMode>sync2sync</WSAMode>
<WSARequireAAA>on</WSARequireAAA>
<WSAStrip>on</WSAStrip>
<WSADefaultReplyTo>http://schemas.xmlsoap.org/ws/2004/08/addressing/role/anonymous</WSADefaultReplyTo>
<WSADefaultFaultTo>http://schemas.xmlsoap.org/ws/2004/08/addressing/role/anonymous</WSADefaultFaultTo>
<WSAForce>off</WSAForce>
<WSAGenStyle>sync</WSAGenStyle>
<WSAHTTPAsyncResponseCode>204</WSAHTTPAsyncResponseCode>
<WSATimeout>120</WSATimeout>
<WSRMEnabled>off</WSRMEnabled>
<WSRMSequenceExpiration>3600</WSRMSequenceExpiration>
<WSRMDestinationAcceptCreateSequence>on</WSRMDestinationAcceptCreateSequence>
<WSRMDestinationMaximumSequences>400</WSRMDestinationMaximumSequences>
<WSRMDestinationInOrder>off</WSRMDestinationInOrder>
<WSRMDestinationMaximumInOrderQueueLength>10</WSRMDestinationMaximumInOrderQueueLength>
<WSRMDestinationAcceptOffers>off</WSRMDestinationAcceptOffers>
<WSRMFrontForce>off</WSRMFrontForce>
<WSRMBackForce>off</WSRMBackForce>
<WSRMBackCreateSequence>off</WSRMBackCreateSequence>
<WSRMFrontCreateSequence>off</WSRMFrontCreateSequence>
<WSRMSourceMakeOffer>off</WSRMSourceMakeOffer>
<WSRMUsesSequenceSSL>off</WSRMUsesSequenceSSL>
<WSRMSourceMaximumSequences>400</WSRMSourceMaximumSequences>
<WSRMSourceRetransmissionInterval>10</WSRMSourceRetransmissionInterval>
<WSRMSourceExponentialBackoff>on</WSRMSourceExponentialBackoff>
<WSRMSourceMaximumRetransmissions>4</WSRMSourceMaximumRetransmissions>
<WSRMSourceMaximumQueueLength>30</WSRMSourceMaximumQueueLength>
<WSRMSourceRequestAckCount>1</WSRMSourceRequestAckCount>
<WSRMSourceInactivityClose>360</WSRMSourceInactivityClose>
<ForcePolicyExec>off</ForcePolicyExec>
<RewriteErrors>on</RewriteErrors>
<DelayErrors>on</DelayErrors>
<DelayErrorsDuration>1000</DelayErrorsDuration>
<RequestType>preprocessed</RequestType>
<ResponseType>unprocessed</ResponseType>
<FollowRedirects>on</FollowRedirects>
<RewriteLocationHeader>off</RewriteLocationHeader>
<StylePolicy class="StylePolicy">dpTool-mpg-policy</StylePolicy>
<Type>dynamic-backend</Type>
<AllowCompression>off</AllowCompression>
<EnableCompressedPayloadPassthrough>off</EnableCompressedPayloadPassthrough>
<AllowCacheControlHeader>off</AllowCacheControlHeader>
<PolicyAttachments class="PolicyAttachments">dpTool</PolicyAttachments>
<WSMAgentMonitor>off</WSMAgentMonitor>
<WSMAgentMonitorPCM>all-messages</WSMAgentMonitorPCM>
<ProxyHTTPResponse>off</ProxyHTTPResponse>
<TransactionTimeout>0</TransactionTimeout></MultiProtocolGateway></configuration><files><file name="sharedcert:///nuesbdev01.nasco.com-privkey.pem" src="sharedcert/nuesbdev01.nasco.com-privkey.pem" location="sharedcert" key="true"/><file name="local:///dpTool/code/dpTool.xsl" src="local/dpTool/code/dpTool.xsl" location="local" hash="nbQfGldh19aNt49gTYqm6f7417A="/><file name="local:///dpTool/code/dptest-run.xsl" src="local/dpTool/code/dptest-run.xsl" location="local" hash="ayjBBCwLlVjoqF7Ahf7vI4bEwh0="/><file name="local:///dpTool/code/collectInfo.xsl" src="local/dpTool/code/collectInfo.xsl" location="local" hash="tApbJbcVX3YvDzDQFc5iLdBTCvg="/><file name="local:///dpTool/code/formatInfo.xsl" src="local/dpTool/code/formatInfo.xsl" location="local" hash="pWR9M69yHVq8ZXdYlMrxq5AofIU="/><file name="local:///dpTool/code/validate.xsl" src="local/dpTool/code/validate.xsl" location="local" hash="0HLgAiXx0IQ+kMlQbDiQ6NtJ6D4="/><file name="local:///dpTool/code/searchDomain.xsl" src="local/dpTool/code/searchDomain.xsl" location="local" hash="ZrTlMS5fbugF0sovlXnlyB5ADB0="/><file name="local:///dpTool/code/certInfo.xsl" src="local/dpTool/code/certInfo.xsl" location="local" hash="LRuGgKDMCq3RVt2zpkjrvACgArw="/><file name="local:///dpTool/code/certToHTML.xsl" src="local/dpTool/code/certToHTML.xsl" location="local" hash="jQn1msoJwqBhzpb/+vnhAGpKnkA="/><file name="local:///dpTool/code/tcplookup.xsl" src="local/dpTool/code/tcplookup.xsl" location="local" hash="jEyiVFabWP2066yJRfAIySKTrgw="/><file name="local:///dpTool/code/compareConfig.xsl" src="local/dpTool/code/compareConfig.xsl" location="local" hash="8YsI0R7Qhs9yaepdvHREnjvvoy0="/><file name="local:///dpTool/code/compareFiles.xsl" src="local/dpTool/code/compareFiles.xsl" location="local" hash="pTp5ARZvRk5fOgode9deG4dmavk="/><file name="local:///dpTool/config/dpTool-config.xml" src="local/dpTool/config/dpTool-config.xml" location="local" hash="IBlAnhyHQ4L8nEslVt+57lp1Qds="/><file name="local:///dpTool/config/hosts.xml" src="local/dpTool/config/hosts.xml" location="local" hash="nMba4ro5GulqRI5xl3jZxeWvdGg="/><file name="webgui:///clixform.xsl" src="dp-aux/clixform.xsl" location="dp-aux" internal="true" hash="0oALMZB8eDJN+AjsEWf77rb13r8="/><file name="webgui:///SchemaUtil.xsl" src="dp-aux/SchemaUtil.xsl" location="dp-aux" internal="true" hash="ZnCYHBrcIPvfLAXYOIKIL0KXIbo="/><file name="webgui:///management.xsl" src="dp-aux/management.xsl" location="dp-aux" internal="true" hash="pi0c46mGrlbqTpsWjG3QUxFOCYU="/><file name="webgui:///map-dmz.xsl" src="dp-aux/map-dmz.xsl" location="dp-aux" internal="true" hash="S8LbpfukTeInHK2d6DnQfdiZmd4="/><file name="webgui:///drMgmt.xml" src="dp-aux/drMgmt.xml" location="dp-aux" internal="true" hash="pA8QoaxDKJh3SapynEJE8mxJNMQ="/><file name="webgui:///basetypes.xml" src="dp-aux/basetypes.xml" location="dp-aux" internal="true" hash="HrLsg2FhC6fPlGYI25NijeP828E="/></files></datapower-configuration>